symbol,date,open,high,low,close,volume
AAPL,2025-03-10,235.54,236.16,224.22,227.48,72071197
AAPL,2025-03-11,223.805,225.8399,217.45,220.84,76137410
AAPL,2025-03-12,220.14,221.75,214.91,216.98,62547467
AAPL,2025-03-13,215.95,216.8394,208.42,209.68,61368330
AAPL,2025-03-14,211.25,213.95,209.58,213.49,60107582
AAPL,2025-03-17,213.31,215.22,209.97,214,48073426
AAPL,2025-03-18,214.16,215.15,211.49,212.69,42432426
AAPL,2025-03-19,214.22,218.76,213.75,215.24,54385391
AAPL,2025-03-20,213.99,217.4899,212.22,214.1,48862947
AAPL,2025-03-21,211.56,218.84,211.28,218.27,94127768
AAPL,2025-03-24,221,221.48,218.58,220.73,44299483
AAPL,2025-03-25,220.77,224.1,220.08,223.75,34493583
AAPL,2025-03-26,223.51,225.02,220.47,221.53,34532656
AAPL,2025-03-27,221.39,224.99,220.5601,223.85,37094774
AAPL,2025-03-28,221.67,223.81,217.68,217.9,39818617
AAPL,2025-03-31,217.005,225.62,216.23,222.13,65299321
AAPL,2025-04-01,219.805,223.68,218.9,223.19,36412740
AAPL,2025-04-02,221.315,225.19,221.02,223.89,35905904
AAPL,2025-04-03,205.54,207.49,201.25,203.19,103419006
AAPL,2025-04-04,193.89,199.88,187.34,188.38,125910913
AAPL,2025-04-07,177.2,194.15,174.62,181.46,160466286
AAPL,2025-04-08,186.7,190.335,169.2101,172.42,120859491
AAPL,2025-04-09,171.95,200.61,171.89,198.85,184395885
AAPL,2025-04-10,189.065,194.7799,183,190.42,121879981
AAPL,2025-04-11,186.1,199.54,186.06,198.15,87435915
AAPL,2025-04-14,211.44,212.94,201.1621,202.52,101352911
AAPL,2025-04-15,201.855,203.51,199.8,202.14,51343872
AAPL,2025-04-16,198.36,200.7,192.37,194.27,59732423
AAPL,2025-04-17,197.2,198.8335,194.42,196.98,52164675
AAPL,2025-04-21,193.265,193.8,189.8112,193.16,46742537
AAPL,2025-04-22,196.12,201.59,195.97,199.74,52976371
AAPL,2025-04-23,206,208,202.799,204.6,52929165
AAPL,2025-04-24,204.89,208.8299,202.94,208.37,47310989
AAPL,2025-04-25,206.365,209.75,206.2,209.28,38222258
AAPL,2025-04-28,210,211.5,207.46,210.14,38743074
AAPL,2025-04-29,208.693,212.24,208.37,211.21,36827633
AAPL,2025-04-30,209.3,213.58,206.6705,212.5,52286454
AAPL,2025-05-01,209.08,214.56,208.9,213.32,57365675
AAPL,2025-05-02,206.09,206.99,202.16,205.35,101010621
AAPL,2025-05-05,203.1,204.1,198.21,198.89,69018452
AAPL,2025-05-06,198.21,200.65,197.02,198.51,51216482
AAPL,2025-05-07,199.17,199.44,193.25,196.25,68616943
AAPL,2025-05-08,197.72,200.05,194.6796,197.49,50478872
AAPL,2025-05-09,199,200.5399,197.535,198.53,36453923
AAPL,2025-05-12,210.97,211.2679,206.75,210.79,63775814
AAPL,2025-05-13,210.43,213.4,209,212.93,51909332
AAPL,2025-05-14,212.43,213.94,210.5801,212.33,49325825
AAPL,2025-05-15,210.95,212.96,209.54,211.45,45029473
AAPL,2025-05-16,212.36,212.57,209.77,211.26,54737850
AAPL,2025-05-19,207.91,209.48,204.26,208.78,46140527
AAPL,2025-05-20,207.67,208.47,205.03,206.86,42496635
AAPL,2025-05-21,205.17,207.04,200.71,202.09,59211774
AAPL,2025-05-22,200.71,202.75,199.7,201.36,46742407
AAPL,2025-05-23,193.665,197.7,193.46,195.27,78432918
AAPL,2025-05-27,198.3,200.74,197.43,200.21,56288475
AAPL,2025-05-28,200.59,202.73,199.9,200.42,45339678
AAPL,2025-05-29,203.575,203.81,198.51,199.95,51477938
AAPL,2025-05-30,199.37,201.96,196.78,200.85,70819942
AAPL,2025-06-02,200.28,202.13,200.12,201.7,35423294
AAPL,2025-06-03,201.35,203.77,200.955,203.27,46381567
AAPL,2025-06-04,202.91,206.24,202.1,202.82,43603985
AAPL,2025-06-05,203.5,204.75,200.15,200.63,55221235
AAPL,2025-06-06,203,205.7,202.05,203.92,46607693
AAPL,2025-06-09,204.39,206,200.02,201.45,72862557
AAPL,2025-06-10,200.6,204.35,200.57,202.67,54672608
AAPL,2025-06-11,203.5,204.5,198.41,198.78,60989857
AAPL,2025-06-12,199.08,199.68,197.3601,199.2,43904635
AAPL,2025-06-13,199.73,200.37,195.7,196.45,51447349
AAPL,2025-06-16,197.3,198.685,196.5636,198.42,43020691
AAPL,2025-06-17,197.2,198.39,195.21,195.64,38856152
AAPL,2025-06-18,195.94,197.57,195.07,196.58,45394689
AAPL,2025-06-20,198.235,201.7,196.855,201,96813542
AAPL,2025-06-23,201.625,202.3,198.96,201.5,55814272
AAPL,2025-06-24,202.59,203.44,200.2,200.3,54064033
AAPL,2025-06-25,201.45,203.67,200.6201,201.56,39525730
AAPL,2025-06-26,201.43,202.64,199.46,201,50799121
AAPL,2025-06-27,201.89,203.22,200,201.08,73188571
AAPL,2025-06-30,202.01,207.39,199.2607,205.17,91912816
AAPL,2025-07-01,206.665,210.1865,206.1401,207.82,78788867
AAPL,2025-07-02,208.91,213.34,208.14,212.44,67941811
AAPL,2025-07-03,212.145,214.65,211.8101,213.55,34955836
AAPL,2025-07-07,212.68,216.23,208.8,209.95,50228984
AAPL,2025-07-08,210.1,211.43,208.45,210.01,42848928
AAPL,2025-07-09,209.53,211.33,207.22,211.14,48749367
AAPL,2025-07-10,210.505,213.48,210.03,212.41,44443635
AAPL,2025-07-11,210.565,212.13,209.86,211.16,39765812
AAPL,2025-07-14,209.925,210.91,207.54,208.62,38840111
AAPL,2025-07-15,209.22,211.89,208.92,209.11,42296339
AAPL,2025-07-16,210.295,212.4,208.64,210.16,47490532
AAPL,2025-07-17,210.57,211.8,209.59,210.02,48068141
AAPL,2025-07-18,210.87,211.79,209.7045,211.18,48974591
AAPL,2025-07-21,212.1,215.78,211.63,212.48,51377434
AAPL,2025-07-22,213.14,214.95,212.2301,214.4,46404072
AAPL,2025-07-23,215,215.15,212.41,214.15,46989301
AAPL,2025-07-24,213.9,215.69,213.53,213.76,46022620
AAPL,2025-07-25,214.7,215.24,213.4,213.88,40268781
AAPL,2025-07-28,214.03,214.845,213.06,214.05,37858017
AAPL,2025-07-29,214.175,214.81,210.82,211.27,51411723
AAPL,2025-07-30,211.895,212.39,207.72,209.05,45512514
AAPL,2025-07-31,208.49,209.84,207.16,207.57,80698431
AAPL,2025-08-01,210.865,213.58,201.5,202.38,104434473
AAPL,2025-08-04,204.505,207.88,201.675,203.35,75109298
AAPL,2025-08-05,203.4,205.34,202.16,202.92,44155079
AAPL,2025-08-06,205.63,215.38,205.59,213.25,108483103
AAPL,2025-08-07,218.875,220.85,216.58,220.03,90224834
AAPL,2025-08-08,220.83,231,219.25,229.35,113853967
AAPL,2025-08-11,227.92,229.56,224.76,227.18,61806132
AAPL,2025-08-12,228.005,230.8,227.07,229.65,55672301
AAPL,2025-08-13,231.07,235,230.43,233.33,69878546
AAPL,2025-08-14,234.055,235.12,230.85,232.78,51916275
AAPL,2025-08-15,234,234.28,229.335,231.59,56038657
AAPL,2025-08-18,231.7,233.12,230.11,230.89,37476188
AAPL,2025-08-19,231.275,232.87,229.35,230.56,39402564
AAPL,2025-08-20,229.98,230.47,225.77,226.01,42263865
AAPL,2025-08-21,226.27,226.52,223.7804,224.9,30621249
AAPL,2025-08-22,226.17,229.09,225.41,227.76,42477811
AAPL,2025-08-25,226.48,229.3,226.23,227.16,30983133
AAPL,2025-08-26,226.87,229.49,224.69,229.31,54575107
AAPL,2025-08-27,228.61,230.9,228.26,230.49,31259513
AAPL,2025-08-28,230.82,233.41,229.335,232.56,38074700
AAPL,2025-08-29,232.51,233.38,231.37,232.14,39418437
AAPL,2025-09-02,229.25,230.85,226.97,229.72,44075638
AAPL,2025-09-03,237.21,238.85,234.36,238.47,66427835
AAPL,2025-09-04,238.45,239.8999,236.74,239.78,47549429
AAPL,2025-09-05,239.995,241.32,238.4901,239.69,54870397
AAPL,2025-09-08,239.3,240.15,236.34,237.88,48999495
AAPL,2025-09-09,237,238.7805,233.36,234.35,66313918
AAPL,2025-09-10,232.185,232.42,225.95,226.79,83440810
AAPL,2025-09-11,226.875,230.45,226.65,230.03,50208578
AAPL,2025-09-12,229.22,234.51,229.02,234.07,55824216
AAPL,2025-09-15,237,238.19,235.03,236.7,42699524
AAPL,2025-09-16,237.175,241.22,236.3235,238.15,63421099
AAPL,2025-09-17,238.97,240.1,237.7301,238.99,46508017
AAPL,2025-09-18,239.97,241.2,236.65,237.88,44249576
AAPL,2025-09-19,241.225,246.3,240.2106,245.5,163741314
AAPL,2025-09-22,248.3,256.64,248.12,256.08,105517416
AAPL,2025-09-23,255.875,257.34,253.58,254.43,60275187
AAPL,2025-09-24,255.22,255.74,251.04,252.31,42303710
AAPL,2025-09-25,253.205,257.17,251.712,256.87,55202075
AAPL,2025-09-26,254.095,257.6,253.78,255.46,46076258
AAPL,2025-09-29,254.56,255,253.01,254.43,40127687
AAPL,2025-09-30,254.855,255.919,253.11,254.63,37704259
AAPL,2025-10-01,255.04,258.79,254.93,255.45,48713940
AAPL,2025-10-02,256.575,258.18,254.15,257.13,42630239
AAPL,2025-10-03,254.665,259.24,253.95,258.02,49155614
AAPL,2025-10-06,257.99,259.07,255.05,256.69,44664118
AAPL,2025-10-07,256.805,257.4,255.43,256.48,31955776
AAPL,2025-10-08,256.52,258.52,256.11,258.06,36496895
AAPL,2025-10-09,257.805,258,253.14,254.04,38322012
AAPL,2025-10-10,254.94,256.38,244,245.27,61999098
AAPL,2025-10-13,249.38,249.69,245.56,247.66,38142942
AAPL,2025-10-14,246.6,248.845,244.7,247.77,35477986
AAPL,2025-10-15,249.485,251.82,247.47,249.34,33893611
AAPL,2025-10-16,248.25,249.04,245.13,247.45,39776974
AAPL,2025-10-17,248.02,253.38,247.27,252.29,49146961
AAPL,2025-10-20,255.885,264.375,255.63,262.24,90483029
AAPL,2025-10-21,261.88,265.29,261.83,262.77,46695948
AAPL,2025-10-22,262.65,262.85,255.43,258.45,45015254
AAPL,2025-10-23,259.94,260.62,258.0101,259.58,32754941
AAPL,2025-10-24,261.19,264.13,259.18,262.82,38253717
AAPL,2025-10-27,264.88,269.12,264.6501,268.81,44888152
AAPL,2025-10-28,268.985,269.89,268.15,269,41534759
AAPL,2025-10-29,269.275,271.41,267.11,269.7,51086742
AAPL,2025-10-30,271.99,274.14,268.48,271.4,69886534
AAPL,2025-10-31,276.99,277.32,269.16,270.37,86167123
AAPL,2025-11-03,270.42,270.85,266.25,269.05,50194583
AAPL,2025-11-04,268.325,271.486,267.615,270.04,49274846
AAPL,2025-11-05,268.61,271.7,266.93,270.14,43683072
AAPL,2025-11-06,267.89,273.4,267.89,269.77,51204045
AAPL,2025-11-07,269.795,272.29,266.77,268.47,48227365
AAPL,2025-11-10,268.96,273.73,267.455,269.43,41312412
AAPL,2025-11-11,269.81,275.91,269.8,275.25,46208318
AAPL,2025-11-12,275,275.73,271.7,273.47,48397982
AAPL,2025-11-13,274.11,276.699,272.09,272.95,49602794
AAPL,2025-11-14,271.05,275.96,269.6,272.41,47431331
AAPL,2025-11-17,268.815,270.49,265.73,267.46,45018260
AAPL,2025-11-18,269.99,270.71,265.32,267.44,45677278
AAPL,2025-11-19,265.525,272.21,265.5,268.56,40424492
AAPL,2025-11-20,270.83,275.43,265.92,266.25,45823568
AAPL,2025-11-21,265.95,273.33,265.67,271.49,59030832
TSLA,2025-03-10,252.535,253.37,220,222.15,189076948
TSLA,2025-03-11,225.305,237.0649,217.02,230.58,174896415
TSLA,2025-03-12,247.22,251.84,241.1,248.09,142215681
TSLA,2025-03-13,248.125,248.29,232.6,240.68,114813525
TSLA,2025-03-14,247.31,251.58,240.73,249.98,100242264
TSLA,2025-03-17,245.055,245.4,232.8,238.01,111900565
TSLA,2025-03-18,228.155,230.1,222.28,225.31,111477636
TSLA,2025-03-19,231.61,241.41,229.201,235.86,111993753
TSLA,2025-03-20,233.345,238,230.0501,236.26,99028270
TSLA,2025-03-21,234.985,249.52,234.55,248.71,132728684
TSLA,2025-03-24,258.075,278.64,256.33,278.39,169079865
TSLA,2025-03-25,283.6,288.2,271.28,288.14,150361538
TSLA,2025-03-26,282.66,284.9,266.51,272.06,156254441
TSLA,2025-03-27,272.48,291.85,271.8216,273.13,162572146
TSLA,2025-03-28,275.575,276.1,260.57,263.55,123809389
TSLA,2025-03-31,249.31,260.56,243.3601,259.16,134008936
TSLA,2025-04-01,263.8,277.45,259.25,268.46,146486911
TSLA,2025-04-02,254.6,284.99,251.27,282.76,212787817
TSLA,2025-04-03,265.29,276.3,261.51,267.28,136174291
TSLA,2025-04-04,255.38,261,236,239.43,181229353
TSLA,2025-04-07,223.78,252,214.25,233.29,183453776
TSLA,2025-04-08,245,250.44,217.8,221.86,171603472
TSLA,2025-04-09,224.69,274.69,223.88,272.2,219433373
TSLA,2025-04-10,260,262.49,239.33,252.4,181722604
TSLA,2025-04-11,251.84,257.74,241.3629,252.31,128948085
TSLA,2025-04-14,258.36,261.8,245.93,252.35,100135241
TSLA,2025-04-15,249.91,258.75,247.54,254.11,79594318
TSLA,2025-04-16,247.61,251.97,233.89,241.55,112378737
TSLA,2025-04-17,243.47,244.34,237.6833,241.37,83404775
TSLA,2025-04-21,230.26,232.21,222.79,227.5,97768007
TSLA,2025-04-22,230.96,242.79,229.8501,237.97,120858452
TSLA,2025-04-23,254.86,259.4499,244.43,250.74,150381903
TSLA,2025-04-24,250.5,259.54,249.2,259.51,94464195
TSLA,2025-04-25,261.69,286.85,259.63,284.95,167560688
TSLA,2025-04-28,288.98,294.86,272.42,285.88,151731771
TSLA,2025-04-29,285.5,293.32,279.4695,292.03,108906553
TSLA,2025-04-30,279.9,284.45,270.78,282.16,128961057
TSLA,2025-05-01,280.01,290.8688,279.81,280.52,99658974
TSLA,2025-05-02,284.9,294.78,279.81,287.21,114454683
TSLA,2025-05-05,284.57,284.849,274.4,280.26,94618882
TSLA,2025-05-06,273.105,277.73,271.35,275.35,76715792
TSLA,2025-05-07,276.88,277.92,271,276.22,71882408
TSLA,2025-05-08,279.63,289.8,279.41,284.82,97539448
TSLA,2025-05-09,290.21,307.04,290,298.26,132387835
TSLA,2025-05-12,321.99,322.21,311.5,318.38,112826661
TSLA,2025-05-13,320,337.5894,316.8,334.07,136992574
TSLA,2025-05-14,342.5,350,337,347.68,136997264
TSLA,2025-05-15,340.34,346.1393,334.7153,342.82,97882596
TSLA,2025-05-16,346.24,351.62,342.33,349.98,95895665
TSLA,2025-05-19,336.3,343,333.37,342.09,88869853
TSLA,2025-05-20,347.87,354.9899,341.63,343.82,131715548
TSLA,2025-05-21,344.43,347.35,332.2,334.62,102354844
TSLA,2025-05-22,331.9,347.27,331.39,341.04,97113416
TSLA,2025-05-23,337.92,343.18,333.21,339.34,84654818
TSLA,2025-05-27,347.35,363.79,347.32,362.89,120146414
TSLA,2025-05-28,364.84,365,355.91,356.9,91404309
TSLA,2025-05-29,365.29,367.71,356,358.43,88545666
TSLA,2025-05-30,355.52,363.68,345.29,346.46,123474938
TSLA,2025-06-02,343.5,348.02,333.33,342.69,81873829
TSLA,2025-06-03,346.595,355.4,343.04,344.27,99324544
TSLA,2025-06-04,345.095,345.6,327.3308,332.05,98912075
TSLA,2025-06-05,322.49,324.5499,273.21,284.7,292818655
TSLA,2025-06-06,298.83,305.5,291.14,295.14,164747685
TSLA,2025-06-09,285.955,309.83,281.85,308.58,140908876
TSLA,2025-06-10,314.94,327.83,310.667,326.09,151256520
TSLA,2025-06-11,334.395,335.5,322.5,326.43,122611360
TSLA,2025-06-12,323.075,332.56,316.86,319.11,105127536
TSLA,2025-06-13,313.97,332.99,313.3,325.31,128964279
TSLA,2025-06-16,331.29,332.05,326.41,329.13,83925858
TSLA,2025-06-17,326.09,327.26,314.74,316.35,88282669
TSLA,2025-06-18,317.31,329.32,315.45,322.05,95137686
TSLA,2025-06-20,327.95,332.36,317.78,322.16,108688008
TSLA,2025-06-23,327.54,357.54,327.48,348.68,190716815
TSLA,2025-06-24,356.17,356.26,340.44,340.47,114736245
TSLA,2025-06-25,342.7,343,320.4,327.55,119845050
TSLA,2025-06-26,324.61,331.05,323.61,325.78,80440907
TSLA,2025-06-27,324.51,329.3393,317.495,323.63,89067049
TSLA,2025-06-30,319.9,325.5799,316.6,317.66,76695081
TSLA,2025-07-01,298.46,305.89,293.21,300.71,145085665
TSLA,2025-07-02,312.63,316.832,303.82,315.65,119483730
TSLA,2025-07-03,317.99,318.45,312.76,315.35,58042302
TSLA,2025-07-07,291.37,296.15,288.7701,293.94,131177949
TSLA,2025-07-08,297,304.0499,294.35,297.81,103246742
TSLA,2025-07-09,297.55,300.15,293.55,295.88,75586771
TSLA,2025-07-10,300.05,310.48,300,309.87,104365271
TSLA,2025-07-11,307.89,314.09,305.65,313.51,79236442
TSLA,2025-07-14,317.73,322.5986,312.67,316.9,78043430
TSLA,2025-07-15,319.675,321.2,310.5,310.78,77556346
TSLA,2025-07-16,312.8,323.5,312.62,321.67,97284786
TSLA,2025-07-17,323.15,324.34,317.0601,319.41,73922870
TSLA,2025-07-18,321.66,330.9,321.42,329.65,94254993
TSLA,2025-07-21,334.4,338,326.88,328.49,75768797
TSLA,2025-07-22,329.74,335.4098,321.55,332.11,77370371
TSLA,2025-07-23,330.9,336.2,328.67,332.56,92553756
TSLA,2025-07-24,310,310.15,300.41,305.3,156966023
TSLA,2025-07-25,308.74,323.63,308.01,316.06,148227027
TSLA,2025-07-28,318.45,330.49,315.69,325.59,112673755
TSLA,2025-07-29,325.55,326.25,318.25,321.2,87358861
TSLA,2025-07-30,322.18,324.4499,311.6164,319.04,83931942
TSLA,2025-07-31,319.605,321.37,306.1,308.27,85270919
TSLA,2025-08-01,306.205,309.31,297.82,302.63,89121446
TSLA,2025-08-04,309.08,312.1186,303.0001,309.26,78683905
TSLA,2025-08-05,308.95,312.4499,305.5,308.72,57961278
TSLA,2025-08-06,307.89,320.47,306.9345,319.91,78523579
TSLA,2025-08-07,319.79,322.4,316.16,322.27,66658672
TSLA,2025-08-08,321.43,335.15,320.98,329.65,91200319
TSLA,2025-08-11,335,346.64,334.15,339.03,105320174
TSLA,2025-08-12,345,345.26,332.94,340.84,80690111
TSLA,2025-08-13,341.5,348.98,338.2,339.38,67838892
TSLA,2025-08-14,335.76,340.4699,330.4,335.58,75000662
TSLA,2025-08-15,337.655,339.3,327.02,330.56,74319792
TSLA,2025-08-18,329.62,336.27,329.59,335.16,56956552
TSLA,2025-08-19,335.79,340.55,327.85,329.31,75956002
TSLA,2025-08-20,329.22,331.37,314.6,323.9,77481768
TSLA,2025-08-21,322.08,324.9,318.68,320.11,55744445
TSLA,2025-08-22,321.66,340.25,319.69,340.01,94016347
TSLA,2025-08-25,338.9,349.53,335.03,346.6,86670037
TSLA,2025-08-26,344.93,351.9,343.72,351.67,76651550
TSLA,2025-08-27,351.94,355.39,349.156,349.6,65519012
TSLA,2025-08-28,350.91,353.55,340.26,345.98,67903224
TSLA,2025-08-29,347.23,348.7499,331.7,333.87,81145660
TSLA,2025-09-02,328.23,333.33,325.6,329.36,58391952
TSLA,2025-09-03,335.2,343.33,328.51,334.09,88733288
TSLA,2025-09-04,336.15,338.89,331.48,338.53,60711033
TSLA,2025-09-05,348,355.87,344.6801,350.84,108989785
TSLA,2025-09-08,354.64,358.44,344.84,346.4,75208290
TSLA,2025-09-09,348.44,350.77,343.82,346.97,53815991
TSLA,2025-09-10,350.55,356.33,346.07,347.79,72121679
TSLA,2025-09-11,350.17,368.99,347.6,368.81,103756010
TSLA,2025-09-12,370.94,396.6899,370.24,395.94,168156391
TSLA,2025-09-15,423.13,425.7,402.43,410.04,163823667
TSLA,2025-09-16,414.495,423.25,411.43,421.62,104285721
TSLA,2025-09-17,415.75,428.3121,409.67,425.86,106133532
TSLA,2025-09-18,428.865,432.2199,416.56,416.85,90454509
TSLA,2025-09-19,421.82,429.47,421.72,426.07,93131034
TSLA,2025-09-22,431.11,444.98,429.13,434.21,97108777
TSLA,2025-09-23,439.88,440.97,423.72,425.85,83422691
TSLA,2025-09-24,429.83,444.21,429.0301,442.79,93133570
TSLA,2025-09-25,435.24,435.35,419.08,423.39,96746426
TSLA,2025-09-26,428.3,440.47,421.02,440.4,101628160
TSLA,2025-09-29,444.35,450.98,439.5,443.21,79491510
TSLA,2025-09-30,441.52,445,433.12,444.72,74357960
TSLA,2025-10-01,443.8,462.29,440.75,459.46,98122285
TSLA,2025-10-02,470.54,470.75,435.57,436,137008950
TSLA,2025-10-03,443.285,446.77,416.575,429.83,133188180
TSLA,2025-10-06,440.75,453.55,436.69,453.25,85324878
TSLA,2025-10-07,447.82,452.68,432.4501,433.09,102296082
TSLA,2025-10-08,437.57,441.33,425.23,438.69,71192128
TSLA,2025-10-09,431.81,436.35,426.18,435.54,69339928
TSLA,2025-10-10,436.54,443.13,411.45,413.49,112107870
TSLA,2025-10-13,423.53,436.89,419.7,435.9,79552785
TSLA,2025-10-14,426.79,434.2,417.86,429.24,72669438
TSLA,2025-10-15,434.9,440.51,426.3301,435.15,71558185
TSLA,2025-10-16,434.73,439.35,421.3101,428.75,77189889
TSLA,2025-10-17,425.5,441.4558,423.6,439.31,89331578
TSLA,2025-10-20,443.865,449.8,440.61,447.43,63718971
TSLA,2025-10-21,445.755,449.3,442.05,442.6,54412169
TSLA,2025-10-22,443.45,445.539,429,438.97,84023458
TSLA,2025-10-23,420,449.3999,413.9,448.98,126709833
TSLA,2025-10-24,446.83,451.68,430.17,433.72,94727774
TSLA,2025-10-27,439.98,460.16,438.69,452.42,105867547
TSLA,2025-10-28,454.775,467,451.6,460.55,80185667
TSLA,2025-10-29,462.5,465.7,452.65,461.51,67983544
TSLA,2025-10-30,451.05,455.0607,439.61,440.1,72447938
TSLA,2025-10-31,446.75,458,443.6855,456.56,83135787
TSLA,2025-11-03,455.99,474.07,453.8,468.37,84595244
TSLA,2025-11-04,454.46,460.22,443.6,444.26,87756644
TSLA,2025-11-05,452.05,466.3299,440.71,462.07,85573015
TSLA,2025-11-06,461.96,467.45,435.09,445.91,109622907
TSLA,2025-11-07,437.92,439.36,421.88,429.52,103471495
TSLA,2025-11-10,439.6,449.6715,433.36,445.23,76515907
TSLA,2025-11-11,439.4,442.49,432.36,439.62,60533237
TSLA,2025-11-12,442.15,442.329,426.56,430.6,58513520
TSLA,2025-11-13,423.13,424.5,396.34,401.99,118948032
TSLA,2025-11-14,386.3,412.19,382.78,404.35,105506682
TSLA,2025-11-17,398.74,423.96,398.74,408.92,102214259
TSLA,2025-11-18,405.38,408.9,393.71,401.25,80688637
TSLA,2025-11-19,406.18,411.78,398.5,403.99,72047704
TSLA,2025-11-20,414.63,428.94,394.74,395.23,113548827
TSLA,2025-11-21,402.32,402.8,383.76,391.09,100460633
MSFT,2025-03-10,385.84,386.4,377.22,380.16,32840134
MSFT,2025-03-11,379,386,376.91,380.45,30380177
MSFT,2025-03-12,382.95,385.2165,378.9507,383.27,24253567
MSFT,2025-03-13,383.155,385.32,377.45,378.77,20473017
MSFT,2025-03-14,379.775,390.23,379.51,388.56,19952846
MSFT,2025-03-17,386.7,392.705,385.57,388.7,22474272
MSFT,2025-03-18,387.07,387.37,381.1,383.52,19486850
MSFT,2025-03-19,385.525,389.68,384,387.82,19185532
MSFT,2025-03-20,385.735,391.785,383.28,386.84,18470542
MSFT,2025-03-21,383.215,391.74,382.8,391.26,39675928
MSFT,2025-03-24,395.4,395.4,389.81,393.08,21004548
MSFT,2025-03-25,393.915,396.36,392.64,395.16,15774968
MSFT,2025-03-26,395,395.31,388.57,389.97,16132906
MSFT,2025-03-27,390.13,392.24,387.395,390.58,13766761
MSFT,2025-03-28,388.08,389.13,376.93,378.8,21632016
MSFT,2025-03-31,372.535,377.07,367.24,375.39,35184676
MSFT,2025-04-01,374.65,382.85,373.23,382.19,19689503
MSFT,2025-04-02,377.965,385.08,376.62,382.14,16092555
MSFT,2025-04-03,374.785,377.48,369.35,373.11,30197997
MSFT,2025-04-04,364.125,374.59,359.48,359.84,49209854
MSFT,2025-04-07,350.88,370.9999,344.79,357.86,50424998
MSFT,2025-04-08,368.255,373.65,350.25,354.56,35868918
MSFT,2025-04-09,353.535,393.225,353.1,390.49,50199696
MSFT,2025-04-10,382.06,383.9,367.8,381.35,38024368
MSFT,2025-04-11,380.635,390.05,378.89,388.45,23839220
MSFT,2025-04-14,393.22,394.65,384.21,387.81,19251172
MSFT,2025-04-15,388.505,391.89,384.1599,385.73,17199890
MSFT,2025-04-16,380.67,381.61,368,371.61,21967826
MSFT,2025-04-17,373.745,374.3215,366.89,367.78,21120192
MSFT,2025-04-21,362.815,364.48,355.67,359.12,20807279
MSFT,2025-04-22,363.375,367.77,359.8602,366.82,19484993
MSFT,2025-04-23,376.06,380.39,373.02,374.39,20545526
MSFT,2025-04-24,375.695,388.45,375.19,387.3,22232289
MSFT,2025-04-25,387,392.16,384.6,391.85,18973165
MSFT,2025-04-28,391.955,392.74,386.638,391.16,16579430
MSFT,2025-04-29,391.3,395.1,390.38,394.04,14973976
MSFT,2025-04-30,390.3,396.66,384.44,395.26,36461075
MSFT,2025-05-01,431.11,436.99,424.9,425.4,58938100
MSFT,2025-05-02,431.74,439.44,429.985,435.28,30757434
MSFT,2025-05-05,432.87,439.5,432.11,436.17,20136053
MSFT,2025-05-06,432.2,437.73,431.17,433.31,15104204
MSFT,2025-05-07,433.84,438.12,431.1103,433.35,23307241
MSFT,2025-05-08,437.93,443.67,435.66,438.17,23491330
MSFT,2025-05-09,440,440.74,435.88,438.73,15324233
MSFT,2025-05-12,445.94,449.37,439.78,449.26,22821935
MSFT,2025-05-13,447.78,450.6733,445.36,449.14,23618819
MSFT,2025-05-14,448.14,453.9,448.14,452.94,19902796
MSFT,2025-05-15,450.765,456.19,450.4301,453.13,21992323
MSFT,2025-05-16,452.05,454.36,448.73,454.27,23849781
MSFT,2025-05-19,450.875,459.585,450.8,458.87,21336509
MSFT,2025-05-20,455.59,458.34,454.3201,458.17,15441808
MSFT,2025-05-21,454.57,457.78,451.814,452.57,19216906
MSFT,2025-05-22,454.95,460.25,453.9,454.86,18025612
MSFT,2025-05-23,449.98,453.69,448.91,450.18,16883509
MSFT,2025-05-27,456.48,460.95,456.115,460.69,20974293
MSFT,2025-05-28,461.22,462.52,456.93,457.36,17086261
MSFT,2025-05-29,461.55,461.72,455.3105,458.68,13982211
MSFT,2025-05-30,459.715,461.68,455.54,460.36,34770475
MSFT,2025-06-02,457.14,462.11,456.89,461.97,16626495
MSFT,2025-06-03,461.47,464.14,460.8622,462.97,15743760
MSFT,2025-06-04,464,465.69,463.0201,463.87,14162688
MSFT,2025-06-05,464.955,469.65,464.03,467.68,20154460
MSFT,2025-06-06,470.085,473.335,468.78,470.38,15285624
MSFT,2025-06-09,469.7,473.43,468.62,472.75,16469932
MSFT,2025-06-10,471.185,472.8,466.96,470.92,15375944
MSFT,2025-06-11,470.02,475.47,469.655,472.62,16399176
MSFT,2025-06-12,475.02,480.415,473.52,478.87,18950582
MSFT,2025-06-13,476.41,479.18,472.76,474.96,16814456
MSFT,2025-06-16,475.21,480.6943,475,479.14,15626104
MSFT,2025-06-17,475.395,478.7399,474.08,478.04,15414128
MSFT,2025-06-18,478,481,474.46,480.24,17526452
MSFT,2025-06-20,482.23,483.46,476.87,477.4,37576206
MSFT,2025-06-23,478.21,487.75,472.51,486,24863952
MSFT,2025-06-24,488.95,491.849,486.795,490.11,22305642
MSFT,2025-06-25,492.04,494.5556,489.39,492.27,17495099
MSFT,2025-06-26,492.98,498.04,492.81,497.45,21578853
MSFT,2025-06-27,497.55,499.3,493.03,495.94,34539236
MSFT,2025-06-30,497.04,500.76,495.33,497.41,28368991
MSFT,2025-07-01,496.47,498.05,490.98,492.05,19945375
MSFT,2025-07-02,489.99,493.5,488.7,491.09,16319641
MSFT,2025-07-03,493.81,500.13,493.44,498.84,13984829
MSFT,2025-07-07,497.38,498.75,495.225,497.72,13981605
MSFT,2025-07-08,497.24,498.2,494.11,496.62,11846586
MSFT,2025-07-09,500.3,506.78,499.74,503.51,18659538
MSFT,2025-07-10,503.05,504.44,497.75,501.48,16498740
MSFT,2025-07-11,498.47,505.03,497.795,503.32,16459512
MSFT,2025-07-14,501.515,503.97,501.03,503.02,12058848
MSFT,2025-07-15,503.02,508.3,502.79,505.82,14927202
MSFT,2025-07-16,505.18,506.72,501.89,505.62,15154374
MSFT,2025-07-17,505.68,513.37,505.62,511.7,17503129
MSFT,2025-07-18,514.48,514.64,507.43,510.05,21209666
MSFT,2025-07-21,506.705,512.09,505.55,510.06,14066805
MSFT,2025-07-22,510.97,511.2,505.27,505.27,13868644
MSFT,2025-07-23,506.75,506.79,500.7,505.87,16396585
MSFT,2025-07-24,508.77,513.67,507.3,510.88,16107000
MSFT,2025-07-25,512.465,518.29,510.3592,513.71,19125699
MSFT,2025-07-28,514.08,515,510.12,512.5,14308027
MSFT,2025-07-29,515.53,517.62,511.56,512.57,16469235
MSFT,2025-07-30,515.17,515.95,509.435,513.24,26380434
MSFT,2025-07-31,555.225,555.45,531.9,533.5,51617326
MSFT,2025-08-01,535,535.8,520.86,524.11,28977628
MSFT,2025-08-04,528.27,538.25,528.13,535.64,25349004
MSFT,2025-08-05,537.18,537.3,527.24,527.75,19171569
MSFT,2025-08-06,530.9,531.7,524.03,524.94,21355702
MSFT,2025-08-07,526.8,528.09,517.5511,520.84,16079144
MSFT,2025-08-08,522.6,524.66,519.41,522.04,15531009
MSFT,2025-08-11,522.3,527.59,519.72,521.77,20194372
MSFT,2025-08-12,523.75,530.98,522.7,529.24,18688921
MSFT,2025-08-13,532.11,532.7,519.37,520.58,19619160
MSFT,2025-08-14,522.56,525.9499,520.14,522.48,20269074
MSFT,2025-08-15,522.77,526.1,519.08,520.17,25213272
MSFT,2025-08-18,521.585,522.82,514.02,517.1,23760583
MSFT,2025-08-19,515,515.1641,508.55,509.77,21481016
MSFT,2025-08-20,509.865,511,504.44,505.72,27723025
MSFT,2025-08-21,503.69,507.63,502.7201,504.24,18443254
MSFT,2025-08-22,504.25,510.73,502.41,507.23,24324161
MSFT,2025-08-25,506.63,508.19,504.12,504.26,21638579
MSFT,2025-08-26,504.355,504.9778,498.51,502.04,30835709
MSFT,2025-08-27,502,507.29,499.9,506.74,17277893
MSFT,2025-08-28,507.09,511.09,505.5,509.64,18015593
MSFT,2025-08-29,508.66,509.6,504.4915,506.69,20961569
MSFT,2025-09-02,500.465,506,496.81,505.12,18127995
MSFT,2025-09-03,503.79,507.79,502.32,505.35,16345078
MSFT,2025-09-04,504.3,508.15,503.15,507.97,15509486
MSFT,2025-09-05,509.07,511.97,492.37,495,31994846
MSFT,2025-09-08,498.105,501.195,495.03,498.2,16771015
MSFT,2025-09-09,501.43,502.25,497.7,498.41,14410542
MSFT,2025-09-10,502.98,503.2299,496.72,500.37,21611816
MSFT,2025-09-11,502.25,503.17,497.88,501.01,18881608
MSFT,2025-09-12,506.65,512.55,503.85,509.9,23624884
MSFT,2025-09-15,508.79,515.47,507,515.36,17143786
MSFT,2025-09-16,516.88,517.23,508.6,509.04,19711922
MSFT,2025-09-17,510.62,511.29,505.93,510.02,15816585
MSFT,2025-09-18,511.49,513.07,507.66,508.45,18913696
MSFT,2025-09-19,510.56,519.3,510.31,517.93,52474093
MSFT,2025-09-22,515.59,517.74,512.545,514.45,20009314
MSFT,2025-09-23,513.8,514.5899,507.31,509.23,19799580
MSFT,2025-09-24,510.38,512.48,506.92,510.15,13533711
MSFT,2025-09-25,508.3,510.01,505.04,507.03,15786468
MSFT,2025-09-26,510.06,513.94,506.62,511.46,16213129
MSFT,2025-09-29,511.5,516.845,508.88,514.6,17617775
MSFT,2025-09-30,513.24,518.16,509.66,517.95,19728229
MSFT,2025-10-01,514.8,520.505,511.69,519.71,22632336
MSFT,2025-10-02,517.64,521.6,510.6791,515.74,21222886
MSFT,2025-10-03,517.1,520.49,515,517.35,15112321
MSFT,2025-10-06,518.61,531.03,518.2,528.57,21388581
MSFT,2025-10-07,528.285,529.8,521.44,523.98,14615208
MSFT,2025-10-08,523.28,526.95,523.09,524.85,13363447
MSFT,2025-10-09,522.335,524.325,517.4,522.4,18343602
MSFT,2025-10-10,519.64,523.58,509.63,510.96,24133840
MSFT,2025-10-13,516.41,516.41,511.68,514.05,14284238
MSFT,2025-10-14,510.225,515.282,506,513.57,14684300
MSFT,2025-10-15,514.955,517.19,510,513.43,14694654
MSFT,2025-10-16,512.58,516.85,508.13,511.61,15559565
MSFT,2025-10-17,509.04,515.48,507.31,513.58,19867765
MSFT,2025-10-20,514.61,518.7,513.43,516.79,14665620
MSFT,2025-10-21,517.5,518.69,513.04,517.66,15586204
MSFT,2025-10-22,521.15,525.23,517.71,520.54,18962694
MSFT,2025-10-23,522.46,523.95,518.61,520.56,14023532
MSFT,2025-10-24,522.79,525.345,520.71,523.61,15532360
MSFT,2025-10-27,531.78,534.58,529.01,531.52,18734716
MSFT,2025-10-28,550,553.72,540.77,542.07,29986683
MSFT,2025-10-29,544.94,546.27,536.7287,541.55,36023004
MSFT,2025-10-30,530.48,534.97,522.12,525.76,41023088
MSFT,2025-10-31,528.875,529.32,515.1,517.81,34006424
MSFT,2025-11-03,519.805,524.96,514.59,517.03,22374742
MSFT,2025-11-04,511.76,515.55,507.84,514.33,20958663
MSFT,2025-11-05,513.3,514.83,506.575,507.16,23024342
MSFT,2025-11-06,505.66,505.7,495.81,497.1,27406496
MSFT,2025-11-07,496.945,499.377,493.25,496.82,24019764
MSFT,2025-11-10,500.035,506.85,498.8,506,26101480
MSFT,2025-11-11,504.8,509.6,502.3488,508.68,17980020
MSFT,2025-11-12,509.355,511.67,499.1201,511.14,26574851
MSFT,2025-11-13,510.31,513.5,501.29,503.29,25273114
MSFT,2025-11-14,498.23,511.6,497.44,510.18,28505746
MSFT,2025-11-17,508.45,512.12,504.91,507.49,19092752
MSFT,2025-11-18,495.365,502.98,486.78,493.79,33815114
MSFT,2025-11-19,490.1,495.1872,482.83,487.12,23245314
MSFT,2025-11-20,492.71,493.57,475.5,478.43,26802542
MSFT,2025-11-21,478.5,478.92,468.27,472.12,31769248
AMZN,2025-03-10,195.6,196.73,190.85,194.54,62350926
AMZN,2025-03-11,193.9,200.18,193.4,196.59,54002880
AMZN,2025-03-12,200.72,201.52,195.29,198.89,43679284
AMZN,2025-03-13,198.165,198.8799,191.82,193.89,41270761
AMZN,2025-03-14,197.41,198.65,195.32,197.95,38096663
AMZN,2025-03-17,198.77,199,194.3247,195.74,47341752
AMZN,2025-03-18,192.52,194,189.38,192.82,40414867
AMZN,2025-03-19,193.38,195.965,191.96,195.54,39442878
AMZN,2025-03-20,193.07,199.32,192.3,194.95,38921113
AMZN,2025-03-21,192.9,196.99,192.52,196.21,60056917
AMZN,2025-03-24,200,203.64,199.95,203.26,41625365
AMZN,2025-03-25,203.595,206.21,203.22,205.71,31171161
AMZN,2025-03-26,205.835,206.01,199.925,201.13,32990973
AMZN,2025-03-27,200.89,203.79,199.2821,201.36,27317661
AMZN,2025-03-28,198.42,199.26,191.881,192.72,52548226
AMZN,2025-03-31,188.19,191.33,184.4,190.26,63547558
AMZN,2025-04-01,187.86,193.93,187.2,192.17,41267315
AMZN,2025-04-02,187.66,198.34,187.66,196.01,53679198
AMZN,2025-04-03,182.995,184.13,176.92,178.41,95553617
AMZN,2025-04-04,167.145,178.1436,166,171,123159359
AMZN,2025-04-07,162,183.4099,161.38,175.26,109327115
AMZN,2025-04-08,185.23,185.9,168.57,170.66,87710360
AMZN,2025-04-09,172.115,192.65,169.93,191.1,116804328
AMZN,2025-04-10,185.44,186.8692,175.8518,181.22,68302045
AMZN,2025-04-11,179.93,185.86,178,184.87,50594339
AMZN,2025-04-14,186.84,187.44,179.23,182.12,48002540
AMZN,2025-04-15,181.41,182.35,177.9331,179.59,43641952
AMZN,2025-04-16,176.29,179.1046,171.41,174.33,51875316
AMZN,2025-04-17,176,176.21,172,172.61,44726453
AMZN,2025-04-21,169.6,169.6,165.285,167.32,48126111
AMZN,2025-04-22,169.845,176.78,169.35,173.18,56607202
AMZN,2025-04-23,183.45,187.38,180.19,180.6,63470149
AMZN,2025-04-24,180.915,186.74,180.18,186.54,43763196
AMZN,2025-04-25,187.62,189.94,185.49,188.99,36414330
AMZN,2025-04-28,190.105,190.22,184.885,187.7,33224732
AMZN,2025-04-29,183.99,188.0158,183.68,187.39,41667255
AMZN,2025-04-30,182.17,185.05,178.85,184.42,55176543
AMZN,2025-05-01,190.63,191.80711,187.5,190.2,74265963
AMZN,2025-05-02,191.435,192.88,186.4,189.98,77903487
AMZN,2025-05-05,186.51,188.18,185.53,186.35,35217469
AMZN,2025-05-06,184.57,187.93,183.85,185.01,29314055
AMZN,2025-05-07,185.56,190.99,185.01,188.71,44002926
AMZN,2025-05-08,191.43,194.33,188.82,192.08,41043620
AMZN,2025-05-09,193.375,194.69,191.16,193.06,29663143
AMZN,2025-05-12,210.71,211.66,205.75,208.64,75205042
AMZN,2025-05-13,211.08,214.84,210.1,211.37,56193682
AMZN,2025-05-14,211.45,211.93,208.85,210.25,38492128
AMZN,2025-05-15,206.45,206.88,202.673,205.17,64347317
AMZN,2025-05-16,206.85,206.85,204.374,205.59,43318478
AMZN,2025-05-19,201.645,206.62,201.26,206.16,34314810
AMZN,2025-05-20,204.628,205.5899,202.65,204.07,29470373
AMZN,2025-05-21,201.61,203.455,200.06,201.12,42460924
AMZN,2025-05-22,201.38,205.76,200.16,203.1,38938882
AMZN,2025-05-23,198.9,202.37,197.85,200.99,33393545
AMZN,2025-05-27,203.085,206.69,202.19,206.02,34892044
AMZN,2025-05-28,205.915,207.66,204.41,204.72,28549753
AMZN,2025-05-29,208.025,208.81,204.23,205.7,34700005
AMZN,2025-05-30,204.84,205.99,201.695,205.01,51679406
AMZN,2025-06-02,204.98,207,202.68,206.65,29113319
AMZN,2025-06-03,207.105,208.9469,205.03,205.71,33139121
AMZN,2025-06-04,206.55,208.18,205.18,207.23,29915592
AMZN,2025-06-05,209.55,212.81,207.56,207.91,51979243
AMZN,2025-06-06,212.4,213.8699,210.5,213.57,39832500
AMZN,2025-06-09,214.75,217.85,212.88,216.98,38102502
AMZN,2025-06-10,216.78,217.69,214.15,217.61,31303317
AMZN,2025-06-11,217.41,218.4,212.89,213.2,39325981
AMZN,2025-06-12,211.78,213.58,211.33,213.24,27639991
AMZN,2025-06-13,209.96,214.05,209.62,212.1,29337763
AMZN,2025-06-16,212.31,217.06,211.6,216.1,33284158
AMZN,2025-06-17,215.195,217.41,214.56,214.82,32086262
AMZN,2025-06-18,215.09,217.96,212.34,212.52,44360509
AMZN,2025-06-20,214.68,214.89,208.2709,209.69,75350733
AMZN,2025-06-23,209.79,210.39,207.3101,208.47,37311725
AMZN,2025-06-24,212.135,214.34,211.045,212.77,38378757
AMZN,2025-06-25,214.615,216.03,211.11,211.99,31755698
AMZN,2025-06-26,213.12,218.035,212.01,217.12,50480814
AMZN,2025-06-27,219.92,223.3,216.74,223.3,119217138
AMZN,2025-06-30,223.52,223.82,219.12,219.39,58887780
AMZN,2025-07-01,219.5,221.875,217.93,220.46,39256830
AMZN,2025-07-02,219.73,221.6,219.06,219.92,30894178
AMZN,2025-07-03,221.82,224.01,221.36,223.41,29632353
AMZN,2025-07-07,223,224.29,222.37,223.47,36604139
AMZN,2025-07-08,223.915,224,218.43,219.36,45691987
AMZN,2025-07-09,221.07,224.29,220.47,222.54,38155121
AMZN,2025-07-10,221.55,222.79,219.7,222.26,30370591
AMZN,2025-07-11,223.58,226.6799,222.37,225.02,50518307
AMZN,2025-07-14,225.07,226.66,224.24,225.69,35702597
AMZN,2025-07-15,226.2,227.27,225.455,226.35,34907294
AMZN,2025-07-16,225.875,226.1,222.18,223.19,39535926
AMZN,2025-07-17,223.32,224.5,222.51,223.88,31855831
AMZN,2025-07-18,225.14,226.4,222.98,226.13,37833807
AMZN,2025-07-21,225.835,229.69,225.65,229.3,40297556
AMZN,2025-07-22,229.68,230,226.35,227.47,37483702
AMZN,2025-07-23,228.47,228.79,227.09,228.29,28294852
AMZN,2025-07-24,229.17,236,228.64,232.23,42902266
AMZN,2025-07-25,232.22,232.48,231.18,231.44,28712095
AMZN,2025-07-28,233.35,234.29,232.25,232.79,26300138
AMZN,2025-07-29,234.15,234.72,230.31,231.01,33716220
AMZN,2025-07-30,231.64,231.8,229.29,230.19,32993273
AMZN,2025-07-31,235.77,236.53,231.4,234.11,104357263
AMZN,2025-08-01,217.21,220.4399,212.8,214.75,122258801
AMZN,2025-08-04,217.4,217.44,211.42,211.65,77890146
AMZN,2025-08-05,213.05,216.3,212.87,213.75,51505121
AMZN,2025-08-06,214.695,222.65,213.7409,222.31,54823045
AMZN,2025-08-07,221,226.22,220.82,223.13,40603513
AMZN,2025-08-08,223.14,223.8,221.8836,222.69,32970477
AMZN,2025-08-11,221.78,223.05,220.4,221.3,31646222
AMZN,2025-08-12,222.23,223.5,219.05,221.47,37254707
AMZN,2025-08-13,222,224.9185,222,224.56,36508335
AMZN,2025-08-14,227.4,233.11,227.02,230.98,61545824
AMZN,2025-08-15,232.58,234.08,229.807,231.03,39649244
AMZN,2025-08-18,230.225,231.91,228.33,231.49,25248890
AMZN,2025-08-19,230.09,230.5283,227.12,228.01,29891012
AMZN,2025-08-20,227.12,227.27,220.915,223.81,36604319
AMZN,2025-08-21,222.65,222.78,220.5,221.95,32140459
AMZN,2025-08-22,222.79,229.14,220.82,228.84,37315341
AMZN,2025-08-25,227.35,229.6,227.31,227.94,22633695
AMZN,2025-08-26,227.11,229,226.02,228.71,26105373
AMZN,2025-08-27,228.57,229.87,227.81,229.12,21254479
AMZN,2025-08-28,229.005,232.71,228.02,231.6,33679585
AMZN,2025-08-29,231.32,231.8125,228.16,229,26199170
AMZN,2025-09-02,223.52,226.17,221.83,225.34,38843883
AMZN,2025-09-03,225.21,227.1699,224.36,225.99,29223134
AMZN,2025-09-04,231.185,235.77,230.78,235.68,59391779
AMZN,2025-09-05,235.19,236,231.93,232.33,36721802
AMZN,2025-09-08,234.94,237.6,233.75,235.84,33947104
AMZN,2025-09-09,236.355,238.85,235.08,238.24,27033778
AMZN,2025-09-10,237.515,237.68,229.0962,230.33,60907714
AMZN,2025-09-11,231.49,231.53,229.3377,229.95,37485598
AMZN,2025-09-12,230.35,230.79,226.29,228.15,38496218
AMZN,2025-09-15,230.625,233.73,230.32,231.43,33243328
AMZN,2025-09-16,232.935,235.9,232.23,234.05,38203912
AMZN,2025-09-17,233.77,234.3,228.71,231.62,42815230
AMZN,2025-09-18,232.5,233.48,228.79,231.23,37931738
AMZN,2025-09-19,232.37,234.16,229.7,231.48,97943172
AMZN,2025-09-22,230.56,230.565,227.51,227.63,45914506
AMZN,2025-09-23,227.83,227.86,220.07,220.71,70956193
AMZN,2025-09-24,224.19,224.56,219.45,220.21,49509033
AMZN,2025-09-25,220.06,220.67,216.47,218.15,52226328
AMZN,2025-09-26,219.08,221.05,218.02,219.78,41650098
AMZN,2025-09-29,220.08,222.6,219.3,222.17,44259177
AMZN,2025-09-30,222.03,222.24,217.89,219.57,48396369
AMZN,2025-10-01,217.36,222.15,216.61,220.63,43933834
AMZN,2025-10-02,221.01,222.81,218.945,222.41,41258586
AMZN,2025-10-03,223.44,224.2,219.34,219.51,43639033
AMZN,2025-10-06,221,221.73,216.03,220.9,43690876
AMZN,2025-10-07,220.88,222.89,220.17,221.78,31194678
AMZN,2025-10-08,222.92,226.73,221.19,225.22,46685985
AMZN,2025-10-09,224.995,228.21,221.75,227.74,46412122
AMZN,2025-10-10,226.21,228.25,216,216.37,72367511
AMZN,2025-10-13,217.7,220.68,217.04,220.07,37809650
AMZN,2025-10-14,215.555,219.32,212.6,216.39,45665580
AMZN,2025-10-15,216.62,217.71,212.66,215.57,45909469
AMZN,2025-10-16,215.67,218.59,212.8101,214.47,42414591
AMZN,2025-10-17,214.56,214.8,211.03,213.04,45986944
AMZN,2025-10-20,213.88,216.69,213.59,216.48,38882819
AMZN,2025-10-21,218.43,223.32,217.99,222.03,50494565
AMZN,2025-10-22,219.3,220.005,216.52,217.95,44308538
AMZN,2025-10-23,219,221.3,218.18,221.09,31539999
AMZN,2025-10-24,221.97,225.4,221.9,224.21,38685053
AMZN,2025-10-27,227.66,228.4,225.54,226.97,38266995
AMZN,2025-10-28,228.215,231.485,226.21,229.25,47100026
AMZN,2025-10-29,231.672,232.82,227.76,230.3,52036151
AMZN,2025-10-30,227.06,228.44,222.75,222.86,102252937
AMZN,2025-10-31,250.1,250.5,243.98,244.22,166340808
AMZN,2025-11-03,255.36,258.6,252.9,254,95997816
AMZN,2025-11-04,250.38,257.01,248.66,249.32,51546311
AMZN,2025-11-05,249.03,251,246.16,250.2,40610702
AMZN,2025-11-06,249.155,250.38,242.17,243.04,46004203
AMZN,2025-11-07,242.9,244.9,238.49,244.41,46374294
AMZN,2025-11-10,248.34,251.75,245.59,248.4,36476514
AMZN,2025-11-11,248.41,249.7499,247.23,249.1,23564060
AMZN,2025-11-12,250.235,250.37,243.75,244.2,31190063
AMZN,2025-11-13,243.05,243.75,236.5,237.58,41401738
AMZN,2025-11-14,235.06,238.73,232.89,234.69,38956669
AMZN,2025-11-17,233.25,234.6,229.19,232.87,59919018
AMZN,2025-11-18,228.1,230.2,222.42,222.55,60608442
AMZN,2025-11-19,223.735,223.735,218.52,222.69,58335643
AMZN,2025-11-20,227.05,227.41,216.74,217.14,50308962
AMZN,2025-11-21,216.345,222.21,215.18,220.69,68490464
